id,first_primer_5to3,second_primer_5to3,chr,target_start,target_end,strand
TLK2-Ex2,AATTACTGTGAGTTTTGTTCTACAG,ACTATGTTAAATGACTACTGGAATGACC,chr17,60558422,60558714,+
TLK2-Ex3,ACGCCATTGTATTCCAGCCGGGGTGAT,CAGCCTTGAGCCACCAAACCTGGCCCAAAC,chr17,60598019,60598245,+
TLK2-Ex4,TAAGAGGAAGACAGTGATTCAGGAC,GAACTAACACTGTTCTGTCAGGTG,chr17,60599449,60599800,+
TLK2-Ex5,TGGAGGAAATAGTCTGTTCTTG,ATGTTGCCCAGGTTGGCCTCGAACT,chr17,60600344,60600732,+
TLK2-Ex6,GCATAGTACTGTTTTGAATTATTCATATCG,CTCTTCTGTAAAAAGCTAATTTACTGAC,chr17,60601577,60601855,+
TLK2-Ex7,CTTATATTTGATAACTGTTTTTAACCCG,GAGCACTAGGGCAATGGAAAGGATA,chr17,60613463,60613723,+
TLK2-Ex8,GAACTTGGTATAAACCACCATGTCC,GTGGTCAGAGAAATACAGAGAAGTC,chr17,60629478,60629842,+
TLK2-Ex9,ATTTGTGTGAGCAAGTGCTTTTTCC,GGTGCTTGCTATAAAATCTCTTACA,chr17,60630934,60631128,+
TLK2-Ex10,AAACATGCCCAAATTAGTAATTCAA,CAAATCATGTTCCTAAAAAGCTCTAC,chr17,60637164,60637585,+
TLK2-Ex11,TTCTAAGAAGTGTCTTTATCCATGC,AGGACTTCACCTCATTCGATAC,chr17,60642320,60642640,+
TLK2-Ex12,AAATTGGATACACAAGTGACAAATTG,CTATTGCCGGTGACAATCAAC,chr17,60650431,60650833,+
TLK2-Ex13,GCTTTGAAGTTCTTCCCTCACATC,CACTGAAGCTTTCTGCTGCTATG,chr17,60653891,60654235,+
TLK2-Ex14,TTACTGAACTCCTCTGTATGGTTTG,AGCAATCTCCAACCCAATATGC,chr17,60655659,60655949,+
TLK2-Ex15,CTGGGAATTTTGCAAGCGTGG,TATGAGGCAGGAAGTACAGAACC,chr17,60657421,60657827,+
TLK2-Ex16,TAATCACAAGTTTCAAGAAGGTGCT,ACCAACAACAATGCACGTAAAG,chr17,60663354,60663656,+
TLK2-Ex17,TCTCAATGGCTTGGTAGATTCC,TGTCACAAATTACTTGGTTCCCTC,chr17,60673772,60674134,+
TLK2-Ex18,AGGTAGTGTTAATCTGCTTGCTC,TCCAACACGCCCTCCTAAAC,chr17,60677974,60678351,+
TLK2-Ex19,AGTCCAGATTGCTTGATTCCC,GCCACATCTCTATAGCCAACCTG,chr17,60679277,60679561,+
TLK2-Ex20,GTACATGTCTTAAACTTATATGATC,CCTAGGGTTGAGGATTTCTGCT,chr17,60683454,60683774,+
TLK2-Ex21,CCCACTCTGCTTTGACCTGGTAG,TTCACACTGAAGAATCCATCCA,chr17,60685195,60685580,+
TLK2-Ex22,AGAGGTACTTCTGTTGGTGCTT,GGATTCGCTATGTTCCAAACC,chr17,60689581,60690988,+